<?xml version="1.0" encoding="UTF-8"?>
<Output build_failed="false" build_had_errors="false">
  <Compile base="C:\ProgramData\IBM\AppScanSource\samples\simpleIOT\"
    dest="C:\ProgramData\IBM\AppScanSource\samples\simpleIOT\SimpleIOT_staging" source_dir="C:\ProgramData\IBM\AppScanSource\samples\simpleIOT\">
    <File name="TestCase_IOT_Static.java" source_dir="C:\ProgramData\IBM\AppScanSource\samples\simpleIOT">
      <Class name="TestCase_IOT_Static.class"/>
    </File>
    <File name="TestCase_IOT_Instance_Assigns.java" source_dir="C:\ProgramData\IBM\AppScanSource\samples\simpleIOT">
      <Class name="TestCase_IOT_Instance_Assigns.class"/>
    </File>
    <File name="TestCase_IOT_Lost_Instance.java" source_dir="C:\ProgramData\IBM\AppScanSource\samples\simpleIOT">
      <Class name="TestCase_IOT_Lost_Instance.class"/>
    </File>
    <File name="TestCase_IOT_Lost_XFile_Part1.java" source_dir="C:\ProgramData\IBM\AppScanSource\samples\simpleIOT">
      <Class name="TestCase_IOT_Lost_XFile_Part1.class"/>
    </File>
    <File name="TestCase_IOT_Static_Assigns.java" source_dir="C:\ProgramData\IBM\AppScanSource\samples\simpleIOT">
      <Class name="TestCase_IOT_Static_Assigns.class"/>
    </File>
    <File name="TestCase_IOT_Instance_Val_Encode.java" source_dir="C:\ProgramData\IBM\AppScanSource\samples\simpleIOT">
      <Class name="TestCase_IOT_Instance_Val_Encode.class"/>
    </File>
    <File name="TestCase_IOT_Simple_Validation.java" source_dir="C:\ProgramData\IBM\AppScanSource\samples\simpleIOT">
      <Class name="TestCase_IOT_Simple_Validation.class"/>
    </File>
    <File name="TestCase_IOT_List.java" source_dir="C:\ProgramData\IBM\AppScanSource\samples\simpleIOT">
      <Class name="TestCase_IOT_List.class"/>
    </File>
    <File name="TestCase_IOT_UserValidation2.java" source_dir="C:\ProgramData\IBM\AppScanSource\samples\simpleIOT">
      <Class name="TestCase_IOT_UserValidation2.class"/>
    </File>
    <File name="TestCase_IOT_Lost_MemberTaint.java" source_dir="C:\ProgramData\IBM\AppScanSource\samples\simpleIOT">
      <Class name="TestCase_IOT_Lost_MemberTaint$TaintedStruct.class"/>
      <Class name="TestCase_IOT_Lost_MemberTaint.class"/>
    </File>
    <File name="TestCase_IOT_Recursion.java" source_dir="C:\ProgramData\IBM\AppScanSource\samples\simpleIOT">
      <Class name="TestCase_IOT_Recursion.class"/>
    </File>
    <File name="TestCase_IOT_Lost_XFile_Part2.java" source_dir="C:\ProgramData\IBM\AppScanSource\samples\simpleIOT">
      <Class name="TestCase_IOT_Lost_XFile_Part2.class"/>
    </File>
    <File name="TestCase_IOT_Instance.java" source_dir="C:\ProgramData\IBM\AppScanSource\samples\simpleIOT">
      <Class name="TestCase_IOT_Instance.class"/>
    </File>
    <File name="TestCase_IOT_Array.java" source_dir="C:\ProgramData\IBM\AppScanSource\samples\simpleIOT">
      <Class name="TestCase_IOT_Array.class"/>
    </File>
    <File name="TestCase_IOT_Instance_Val_Confidence.java" source_dir="C:\ProgramData\IBM\AppScanSource\samples\simpleIOT">
      <Class name="TestCase_IOT_Instance_Val_Confidence.class"/>
    </File>
    <File name="TestCase_IOT_Branching.java" source_dir="C:\ProgramData\IBM\AppScanSource\samples\simpleIOT">
      <Class name="TestCase_IOT_Branching.class"/>
    </File>
    <File name="TestCase_IOT_XFile_Part1.java" source_dir="C:\ProgramData\IBM\AppScanSource\samples\simpleIOT">
      <Class name="TestCase_IOT_XFile_Part1.class"/>
    </File>
    <File name="TestCase_IOT_MediumCallStack.java" source_dir="C:\ProgramData\IBM\AppScanSource\samples\simpleIOT">
      <Class name="TestCase_IOT_MediumCallStack.class"/>
    </File>
    <File name="TestCase_IOT_MemberTaint_OutParam.java" source_dir="C:\ProgramData\IBM\AppScanSource\samples\simpleIOT">
      <Class name="TestCase_IOT_MemberTaint_OutParam$TaintedStruct.class"/>
      <Class name="TestCase_IOT_MemberTaint_OutParam.class"/>
    </File>
    <File name="TestCase_IOT_XFile_Part2.java" source_dir="C:\ProgramData\IBM\AppScanSource\samples\simpleIOT">
      <Class name="TestCase_IOT_XFile_Part2.class"/>
    </File>
    <File name="TestCase_IOT_UserValidation.java" source_dir="C:\ProgramData\IBM\AppScanSource\samples\simpleIOT">
      <Class name="TestCase_IOT_UserValidation.class"/>
    </File>
    <File name="TestCase_IOT_MemberTaint.java" source_dir="C:\ProgramData\IBM\AppScanSource\samples\simpleIOT">
      <Class name="TestCase_IOT_MemberTaint$TaintedStruct.class"/>
      <Class name="TestCase_IOT_MemberTaint.class"/>
    </File>
    <File name="TestCase_IOT_OverlapTrace.java" source_dir="C:\ProgramData\IBM\AppScanSource\samples\simpleIOT">
      <Class name="TestCase_IOT_OverlapTrace.class"/>
    </File>
    <File name="TestCase_IOT_Looping.java" source_dir="C:\ProgramData\IBM\AppScanSource\samples\simpleIOT">
      <Class name="TestCase_IOT_Looping.class"/>
    </File>
    <File name="TestCase_IOT_XFile_Val_Part1.java" source_dir="C:\ProgramData\IBM\AppScanSource\samples\simpleIOT">
      <Class name="TestCase_IOT_XFile_Val_Part1.class"/>
    </File>
  </Compile>
</Output>
