<?xml version="1.0" encoding="UTF-8"?>
<FrameworkInput type="Java" xmlns="http://www.ibm.com/FrameworkInput">
	<WaflFile>C:\ProgramData\IBM\AppScanSource\samples\simpleIOT\SimpleIOT_frameworksCLI.wafl</WaflFile>
	<LogConfig>C:\ProgramData\IBM\AppScanSource\samples\simpleIOT\SimpleIOT_frameworksCLI_waflLogConfig.xml</LogConfig>
	<HandlerJarDir>C:\Program Files (x86)\IBM\AppScanSource\waflgens</HandlerJarDir>
	<ProjectFile>C:\ProgramData\IBM\AppScanSource\samples\simpleIOT\SimpleIOT.ppf</ProjectFile>
	<JavaInfo>
		<WebContentRoot>C:\ProgramData\IBM\AppScanSource\samples\simpleIOT\SimpleIOT_staging</WebContentRoot>
		<WalaScopeFile>C:\ProgramData\IBM\AppScanSource\samples\simpleIOT\SimpleIOT_staging\SimpleIOT.scope</WalaScopeFile>
		<Options>
			<Property name="javaee.core.jsp.precompiler" value="tomcat"></Property>
			<Property name="javaee.core.jsp.precompiler.version" value="70"></Property>
			<Property name="javaee.core.jsp.package" value="SimpleIOT"></Property>
			<Property name="javaee.core.replaceSetGetAttributeCalls" value="false"></Property>
			<Property name="javaee.core.loadExternalDTD" value="true"></Property>
		</Options>
	</JavaInfo>
</FrameworkInput>
